{
  "HTTP Request-1" : {
    "transaction" : "HTTP Request-1",
    "sampleCount" : 100,
    "errorCount" : 0,
    "errorPct" : 0.0,
    "meanResTime" : 9265.209999999995,
    "medianResTime" : 5523.0,
    "minResTime" : 437.0,
    "maxResTime" : 54312.0,
    "pct1ResTime" : 24021.800000000003,
    "pct2ResTime" : 26763.99999999999,
    "pct3ResTime" : 54145.409999999916,
    "throughput" : 0.8274652257738869,
    "receivedKBytesPerSec" : 475.4407351304499,
    "sentKBytesPerSec" : 0.12282686945081132
  },
  "Total" : {
    "transaction" : "Total",
    "sampleCount" : 300,
    "errorCount" : 0,
    "errorPct" : 0.0,
    "meanResTime" : 6844.803333333335,
    "medianResTime" : 3466.5,
    "minResTime" : 66.0,
    "maxResTime" : 56635.0,
    "pct1ResTime" : 21375.900000000038,
    "pct2ResTime" : 26959.35,
    "pct3ResTime" : 39310.48000000001,
    "throughput" : 2.4707219449523152,
    "receivedKBytesPerSec" : 946.6093073125134,
    "sentKBytesPerSec" : 0.4889970516051457
  },
  "HTTP Request-0" : {
    "transaction" : "HTTP Request-0",
    "sampleCount" : 100,
    "errorCount" : 0,
    "errorPct" : 0.0,
    "meanResTime" : 1001.8799999999997,
    "medianResTime" : 435.0,
    "minResTime" : 66.0,
    "maxResTime" : 5169.0,
    "pct1ResTime" : 2670.2,
    "pct2ResTime" : 3795.849999999997,
    "pct3ResTime" : 5168.009999999999,
    "throughput" : 0.9481548905829257,
    "receivedKBytesPerSec" : 0.11481563128152615,
    "sentKBytesPerSec" : 0.14074174157090302
  },
  "HTTP Request" : {
    "transaction" : "HTTP Request",
    "sampleCount" : 100,
    "errorCount" : 0,
    "errorPct" : 0.0,
    "meanResTime" : 10267.320000000002,
    "medianResTime" : 6426.0,
    "minResTime" : 512.0,
    "maxResTime" : 56635.0,
    "pct1ResTime" : 27156.9,
    "pct2ResTime" : 29589.949999999993,
    "pct3ResTime" : 56461.83999999991,
    "throughput" : 0.8235739816507717,
    "receivedKBytesPerSec" : 473.3046536562567,
    "sentKBytesPerSec" : 0.24449852580257286
  }
}